row_type,measurement_index,target_x_mm,target_y_mm,target_force_N,actual_x_mm,actual_y_mm,position_time_s,actual_force_N,force_time_s,eit_0,eit_1,eit_2,eit_3,eit_4,eit_5,eit_6,eit_7,eit_8,eit_9,eit_10,eit_11,eit_12,eit_13,eit_14,eit_15,eit_time_s
baseline,,,,,,,0.265250176000336,,,0.14707692307692308,0.14972307692307688,0.14788461538461534,0.14747692307692306,0.3134461538461539,0.30223846153846157,0.22426153846153846,0.2213076923076923,0.13326153846153846,0.13818461538461538,0.21032307692307692,0.22280769230769223,0.2521846153846154,0.25454615384615387,0.18290769230769235,0.18006923076923073,0.265250176000336
baseline,1.0,81.461538,21.119658,1.0,81.46,21.12,38.61166908900032,0.0,,0.15098461538461538,0.15378461538461535,0.1567615384615385,0.1539,0.2068,0.1980692307692308,0.18503076923076928,0.18183846153846156,0.13583076923076923,0.14153846153846156,0.21850000000000003,0.22784615384615386,0.3130538461538462,0.3151461538461539,0.18224615384615384,0.1787461538461539,38.77568992800025
contact,1.0,81.461538,21.119658,1.0,81.46,21.12,38.61166908900032,1.1027,56.65180504199998,0.14237692307692312,0.14500000000000002,0.14158461538461536,0.14041538461538464,0.20829230769230767,0.1994692307692308,0.3087153846153846,0.3043692307692307,0.1348846153846154,0.13673076923076927,0.21999230769230774,0.23180769230769227,0.2585538461538462,0.2601230769230769,0.18476153846153848,0.18186923076923078,57.81550045299991
baseline,2.0,68.333333,26.62963,2.0,68.33,26.63,60.347351402000186,0.0,,0.1436153846153846,0.14629230769230775,0.1426,0.14207692307692305,0.23128461538461542,0.22143076923076924,0.32094615384615377,0.31820000000000004,0.14286153846153843,0.1493615384615385,0.22484615384615386,0.23161538461538458,0.24405384615384615,0.2457846153846154,0.1912538461538462,0.18752307692307693,60.41245016400035
contact,2.0,68.333333,26.62963,2.0,68.33,26.63,60.347351402000186,2.4907,69.69455445600033,0.14535384615384614,0.14807692307692305,0.1420307692307692,0.13943076923076922,0.21258461538461537,0.2099538461538461,0.2843923076923077,0.28208461538461543,0.1362615384615385,0.14125384615384615,0.21985384615384615,0.2272692307692308,0.1727692307692308,0.17611538461538462,0.18624615384615384,0.1852307692307692,70.7986769019999
baseline,3.0,86.384615,17.683761,3.0,86.38,17.68,73.81539406499996,0.0,,0.14279230769230772,0.14559999999999998,0.1407538461538462,0.14115384615384616,0.21956153846153845,0.20961538461538462,0.28522307692307697,0.2843615384615385,0.13826153846153846,0.14332307692307691,0.22216153846153844,0.23336153846153845,0.20254615384615388,0.20336153846153845,0.19547692307692308,0.1911076923076923,73.82703505400059
contact,3.0,86.384615,17.683761,3.0,86.38,17.68,73.81539406499996,3.3801,84.2600206850002,0.14002307692307692,0.14274615384615388,0.1366461538461539,0.13658461538461542,0.30473076923076925,0.29461538461538467,0.2910615384615385,0.28892307692307695,0.12633076923076925,0.12970769230769227,0.22596153846153846,0.23646923076923074,0.2044923076923077,0.20537692307692307,0.19685384615384618,0.19217692307692308,85.29440200200042
baseline,4.0,50.282051,26.94302,4.0,50.28,26.94,89.62531011200008,0.0,,0.14150769230769228,0.14439230769230774,0.14046153846153847,0.1387615384615385,0.2053384615384615,0.1959,0.39186153846153843,0.38713846153846154,0.13726153846153846,0.14230000000000004,0.22872307692307692,0.24010769230769233,0.1600923076923077,0.1615076923076923,0.18365384615384617,0.1795384615384615,89.83874331100014
contact,4.0,50.282051,26.94302,4.0,50.28,26.94,89.62531011200008,4.28,100.8241144829999,0.16718461538461535,0.1698538461538461,0.14422307692307695,0.13470769230769233,0.2303230769230769,0.2220461538461539,0.34680769230769226,0.345,0.14063076923076928,0.14544615384615384,0.22002307692307696,0.23143076923076922,0.16106923076923077,0.1628461538461539,0.1830384615384615,0.17923076923076925,101.9569275290005
baseline,5.0,76.538462,21.102564,1.0,76.54,21.1,105.52327103400056,0.0,,0.14449230769230773,0.1470923076923077,0.14220769230769228,0.14165384615384616,0.21676923076923077,0.20735384615384617,0.3634307692307693,0.36183846153846155,0.1384769230769231,0.14456153846153852,0.21963076923076919,0.2297153846153846,0.15754615384615384,0.15906153846153848,0.1824769230769231,0.17755384615384615,105.63513461999992
contact,5.0,76.538462,21.102564,1.0,76.54,21.1,105.52327103400056,1.1186,113.35753128600028,0.14117692307692306,0.14373846153846154,0.13888461538461538,0.1388,0.2330615384615385,0.22334615384615386,0.42293076923076917,0.41904615384615373,0.1298076923076923,0.13709230769230768,0.21694615384615387,0.22733846153846154,0.15683076923076925,0.15836153846153847,0.18105384615384615,0.1768846153846154,114.50511634299984
baseline,6.0,66.692308,30.384615,2.0,66.69,30.38,116.97778722400017,0.0,,0.1416461538461538,0.14429230769230772,0.13975384615384615,0.14031538461538465,0.2138692307692308,0.20524615384615386,0.4425153846153846,0.44000769230769227,0.14143076923076925,0.15006153846153844,0.2252846153846154,0.23095384615384612,0.19649230769230774,0.19518461538461537,0.18141538461538462,0.1764692307692308,117.1024529690003
contact,6.0,66.692308,30.384615,2.0,66.69,30.38,116.97778722400017,2.1204,125.42887761600014,0.14060769230769235,0.1436076923076923,0.1376461538461538,0.13690769230769234,0.18549230769230768,0.17915384615384616,0.4299769230769232,0.4274769230769231,0.1366769230769231,0.14173846153846154,0.22739230769230773,0.2376538461538462,0.17693076923076928,0.18013846153846153,0.18410769230769228,0.17917692307692307,126.62351738800044
baseline,7.0,69.974359,24.760684,3.0,69.97,24.76,128.58706054600043,0.0,,0.14359999999999998,0.1462076923076923,0.13890769230769234,0.13892307692307695,0.2396769230769231,0.23043846153846154,0.4558692307692308,0.4555,0.1399384615384615,0.1487615384615385,0.23077692307692305,0.23753076923076927,0.16066923076923073,0.16173076923076923,0.18991538461538462,0.18549230769230768,128.78553324099994
contact,7.0,69.974359,24.760684,3.0,69.97,24.76,128.58706054600043,3.0861,139.46998838299987,0.1404461538461539,0.14292307692307693,0.13733076923076923,0.13712307692307693,0.21716923076923075,0.20846153846153845,0.4277692307692308,0.4271076923076923,0.13975384615384615,0.14893846153846155,0.23020000000000002,0.2363,0.15926923076923077,0.16096923076923078,0.18924615384615384,0.18524615384615384,140.4708267320002
baseline,8.0,101.153846,16.316239,3.0,101.15,16.32,144.42944899600025,0.0,,0.1395307692307692,0.14207692307692305,0.13736923076923074,0.13744615384615383,0.3082,0.2983,0.4998461538461539,0.5010692307692307,0.13781538461538462,0.14399230769230764,0.22655384615384613,0.23653846153846156,0.16246923076923078,0.16438461538461538,0.18902307692307693,0.18431538461538463,144.5807351000003
contact,8.0,101.153846,16.316239,3.0,101.15,16.32,144.42944899600025,3.5209,154.01189541300027,0.13774615384615382,0.14031538461538465,0.13492307692307695,0.13485384615384616,0.3049923076923077,0.29428461538461537,0.4308076923076924,0.4287384615384616,0.13412307692307696,0.14006923076923078,0.2353846153846154,0.2402076923076923,0.17023076923076924,0.17252307692307692,0.12471538461538463,0.14976153846153842,155.18397783199998
baseline,9.0,79.820513,17.569801,1.0,79.82,17.57,158.29392236600052,0.0,,0.13786153846153842,0.1403692307692308,0.13494615384615385,0.13470000000000001,0.3071923076923077,0.29691538461538464,0.2749923076923077,0.27316153846153846,0.13577692307692307,0.14085384615384616,0.23455384615384617,0.2431923076923077,0.16956153846153849,0.17217692307692306,0.19139230769230767,0.1880153846153846,158.42921093699988
contact,9.0,79.820513,17.569801,1.0,79.82,17.57,158.29392236600052,1.4177,167.56136671900003,0.13723846153846153,0.13973846153846153,0.13440769230769234,0.1342846153846154,0.30543846153846155,0.2949615384615385,0.2735769230769231,0.27133846153846153,0.1326692307692308,0.1376076923076923,0.23060769230769237,0.23885384615384614,0.16642307692307692,0.16890000000000002,0.18563846153846159,0.18296923076923077,168.59863834000043
baseline,10.0,66.692308,17.34188,4.0,66.69,17.34,171.07824058799997,0.0,,0.13722307692307692,0.13967692307692303,0.13460000000000003,0.13459230769230773,0.3057153846153846,0.2954,0.30119230769230765,0.29951538461538463,0.13546923076923073,0.1418153846153846,0.23100000000000004,0.2406307692307692,0.16793846153846148,0.17004615384615385,0.18744615384615385,0.1830846153846154,171.19569615599994
contact,10.0,66.692308,17.34188,4.0,66.69,17.34,171.07824058799997,4.2802,181.1321307190001,0.1396692307692307,0.1421769230769231,0.13413846153846157,0.13382307692307688,0.2876692307692308,0.2749923076923077,0.22100000000000003,0.21890000000000004,0.13601538461538462,0.13974615384615383,0.22712307692307696,0.24034615384615388,0.1683538461538462,0.17009230769230768,0.18707692307692309,0.1823384615384615,182.22995905100012
baseline,11.0,61.769231,24.846154,2.0,61.77,24.85,184.4188987409998,0.0,,0.13900769230769233,0.1420307692307692,0.1368923076923077,0.1362615384615385,0.3128230769230769,0.3039153846153846,0.28380769230769226,0.27431538461538457,0.13853076923076926,0.1482846153846154,0.2363923076923077,0.2429230769230769,0.16648461538461537,0.16844615384615388,0.19227692307692307,0.18736153846153844,184.61003831000016
contact,11.0,61.769231,24.846154,2.0,61.77,24.85,184.4188987409998,2.1813,194.6930867560004,0.13842307692307695,0.14117692307692306,0.13586923076923074,0.13539999999999996,0.3049923076923077,0.29587692307692304,0.292,0.29035384615384613,0.13650000000000004,0.14633076923076926,0.2347846153846154,0.24219230769230776,0.16613076923076922,0.16763076923076925,0.1846692307692308,0.17914615384615384,195.8615682720001
baseline,12.0,89.666667,27.962963,2.0,89.67,27.96,199.5086334309999,0.0,,0.13638461538461538,0.1376076923076923,0.13176923076923075,0.13133846153846154,0.3033461538461539,0.2960615384615385,0.20384615384615382,0.2035,0.1354923076923077,0.1446076923076923,0.23979999999999999,0.2485846153846154,0.1665923076923077,0.1675076923076923,0.1886230769230769,0.18216153846153846,199.5416137479997
contact,12.0,89.666667,27.962963,2.0,89.67,27.96,199.5086334309999,2.5113,209.2251988630005,0.13840769230769234,0.1410076923076923,0.13526923076923075,0.13437692307692306,0.30466923076923075,0.29628461538461537,0.2464923076923077,0.2455076923076923,0.13667692307692308,0.1467846153846154,0.24945384615384614,0.2575076923076923,0.16976923076923076,0.16999230769230766,0.18634615384615383,0.18363846153846153,210.3594914639998
baseline,13.0,86.384615,28.042735,2.0,86.38,28.04,212.1117646749999,0.0,,0.1377461538461538,0.1404769230769231,0.13491538461538463,0.13481538461538461,0.3057230769230769,0.2961923076923077,0.24673076923076923,0.24547692307692306,0.13634615384615387,0.14593846153846152,0.24618461538461542,0.25336153846153847,0.16854615384615387,0.1697076923076923,0.18573846153846155,0.1823384615384615,212.3077059490006
contact,13.0,86.384615,28.042735,2.0,86.38,28.04,212.1117646749999,2.0891,221.2894588600002,0.1374076923076923,0.13977692307692305,0.13460769230769234,0.1346692307692308,0.3039384615384615,0.2942538461538461,0.24539230769230774,0.2446076923076923,0.13390769230769228,0.14379230769230766,0.2476307692307692,0.25561538461538463,0.16903076923076923,0.16927692307692307,0.18386153846153847,0.18014615384615384,222.4772163280004
baseline,14.0,84.74359,29.820513,2.0,84.74,29.82,224.14538525100036,0.0,,0.13593846153846154,0.13656923076923075,0.13183846153846154,0.13166153846153847,0.2996846153846153,0.29005384615384616,0.2463,0.24603846153846154,0.1384076923076923,0.14769230769230768,0.24070769230769232,0.2502692307692308,0.19413076923076925,0.1952692307692308,0.18529999999999996,0.1797692307692308,224.20672184199972
contact,14.0,84.74359,29.820513,2.0,84.74,29.82,224.14538525100036,2.1361,232.83453513299992,0.13504615384615384,0.1378153846153846,0.13250000000000003,0.13293076923076924,0.3035615384615385,0.29357692307692307,0.2337615384615384,0.23279999999999998,0.10832307692307694,0.11545384615384614,0.24141538461538462,0.25283076923076925,0.18402307692307693,0.18498461538461541,0.18421538461538461,0.1787923076923077,233.94522092900024
baseline,15.0,107.717949,18.054131,4.0,107.72,18.05,237.3584551009999,0.0,,0.13736923076923074,0.13986923076923075,0.1344692307692308,0.13561538461538458,0.3048538461538462,0.2948538461538462,0.20425384615384615,0.20180769230769227,0.14016153846153845,0.1495230769230769,0.23410769230769232,0.24403846153846148,0.21483846153846148,0.21469230769230768,0.18547692307692304,0.18016923076923075,237.4059383270005
contact,15.0,107.717949,18.054131,4.0,107.72,18.05,237.3584551009999,4.6178,248.89744861600047,0.13683846153846155,0.13925384615384614,0.1332076923076923,0.13471538461538463,0.30200769230769225,0.29207692307692307,0.2782615384615385,0.27707692307692305,0.13701538461538462,0.14732307692307692,0.23343846153846154,0.24192307692307696,0.19127692307692307,0.19159230769230767,0.18795384615384617,0.18107692307692308,249.956361216
baseline,16.0,71.615385,15.598291,1.0,71.62,15.6,254.234013751,0.0,,0.13747692307692305,0.14018461538461538,0.1341846153846154,0.13507692307692307,0.30289230769230774,0.2931153846153846,0.36133076923076923,0.3591,0.13704615384615385,0.1473846153846154,0.23317692307692311,0.2417307692307692,0.1935923076923077,0.19353846153846155,0.18593846153846152,0.18016153846153843,254.284112245
contact,16.0,71.615385,15.598291,1.0,71.62,15.6,254.234013751,1.1936,261.9281450529997,0.13707692307692307,0.13965384615384613,0.13326923076923075,0.13386923076923074,0.30827692307692306,0.29823846153846156,0.3393384615384615,0.3366692307692307,0.13473846153846156,0.1422846153846154,0.22959999999999997,0.2394846153846154,0.19033076923076922,0.19121538461538462,0.18403846153846154,0.17926153846153847,262.9392181630001
baseline,17.0,53.564103,22.977208,3.0,53.56,22.98,265.8537625730005,0.0,,0.13569230769230767,0.13794615384615388,0.13255384615384616,0.13357692307692307,0.30516153846153843,0.29603846153846153,0.27244615384615384,0.2716076923076923,0.1398230769230769,0.14966153846153846,0.23421538461538458,0.24090769230769235,0.3785230769230769,0.38039230769230764,0.18632307692307692,0.18030000000000002,265.9675592829999
contact,17.0,53.564103,22.977208,3.0,53.56,22.98,265.8537625730005,3.318,276.00029648000054,0.13586923076923074,0.13833846153846155,0.1345461538461539,0.13465384615384618,0.23803076923076924,0.22797692307692313,0.25928461538461534,0.257923076923077,0.13670000000000002,0.1472153846153846,0.23541538461538458,0.2410153846153846,0.3083,0.31085384615384615,0.18349999999999997,0.17809999999999998,277.00312085099995
baseline,18.0,88.025641,17.712251,2.0,88.03,17.71,281.16017875000034,0.0,,0.13745384615384612,0.13996923076923076,0.1335153846153846,0.13546153846153844,0.2308846153846154,0.2208076923076923,0.2539230769230769,0.2513307692307692,0.13525384615384614,0.14368461538461538,0.23233846153846155,0.24296153846153848,0.3043307692307692,0.3047615384615385,0.18238461538461534,0.17700769230769234,281.3296490040002
contact,18.0,88.025641,17.712251,2.0,88.03,17.71,281.16017875000034,2.1539,290.5607501840004,0.13672307692307695,0.1392,0.13271538461538462,0.13415384615384615,0.21583846153846156,0.20554615384615385,0.2557615384615385,0.25368461538461545,0.1362615384615385,0.14292307692307693,0.23870769230769232,0.24715384615384617,0.2882923076923077,0.2898153846153846,0.18582307692307692,0.1797692307692308,291.7157191240003
baseline,19.0,58.487179,21.039886,2.0,58.49,21.04,295.4699135410001,0.0,,0.13653846153846158,0.1392,0.13303076923076923,0.13474615384615388,0.21606153846153847,0.2070769230769231,0.25693076923076924,0.2552076923076923,0.13916923076923077,0.1487461538461539,0.23956923076923076,0.24533076923076924,0.2871538461538462,0.28965384615384615,0.18353076923076922,0.1778076923076923,295.6102799649998
contact,19.0,58.487179,21.039886,2.0,58.49,21.04,295.4699135410001,2.1642,304.59162678600023,0.1263769230769231,0.12873846153846155,0.1336230769230769,0.1352,0.2175384615384615,0.20793076923076922,0.2561307692307692,0.2542,0.13640000000000002,0.14728461538461537,0.23880769230769233,0.24454615384615389,0.28686923076923077,0.2891153846153846,0.18238461538461534,0.1766923076923077,305.78117704600027
baseline,20.0,65.051282,22.937322,3.0,65.05,22.94,307.78450753500056,0.0,,0.13846923076923076,0.1409923076923077,0.13303076923076923,0.13495384615384617,0.2176,0.20852307692307692,0.2568076923076923,0.2552153846153847,0.13753846153846155,0.1474,0.2396076923076923,0.24595384615384616,0.2896230769230769,0.2913307692307692,0.1828,0.1776230769230769,307.9444498089997
contact,20.0,65.051282,22.937322,3.0,65.05,22.94,307.78450753500056,3.6214,318.1266406699997,0.13759999999999997,0.14016153846153848,0.13284615384615386,0.13340769230769228,0.2137923076923077,0.20174615384615385,0.25746923076923073,0.2558,0.13680769230769232,0.14565384615384613,0.23819999999999997,0.24625384615384613,0.2784769230769231,0.28090000000000004,0.18046923076923077,0.1757923076923077,319.1953461459998
baseline,21.0,99.512821,29.358974,4.0,99.51,29.36,323.3476150160004,0.0,,0.1328,0.13237692307692311,0.12621538461538465,0.12683846153846157,0.21869230769230769,0.21286153846153846,0.3479307692307692,0.31264615384615385,0.13423076923076924,0.14009230769230768,0.23552307692307692,0.24608461538461543,0.1641153846153846,0.16656923076923077,0.1809769230769231,0.1734076923076923,323.5227924380006
contact,21.0,99.512821,29.358974,4.0,99.51,29.36,323.3476150160004,4.3839,334.7083352620002,0.13586153846153842,0.13832307692307694,0.13314615384615383,0.1325692307692308,0.22001538461538464,0.2099769230769231,0.15312307692307695,0.15053076923076927,0.1344692307692308,0.14112307692307693,0.24010769230769233,0.24944615384615382,0.1605,0.16322307692307694,0.18902307692307693,0.18383076923076924,335.8564707989999
baseline,22.0,51.923077,21.017094,1.0,51.92,21.02,341.03310778500054,0.0,,0.13590000000000002,0.13845384615384618,0.13269230769230772,0.13394615384615388,0.22044615384615382,0.21028461538461538,0.15483846153846154,0.15333076923076921,0.13607692307692304,0.14700000000000002,0.2462230769230769,0.25205384615384624,0.16185384615384615,0.1627692307692308,0.18949999999999997,0.18826153846153845,341.0506445640003
contact,22.0,51.923077,21.017094,1.0,51.92,21.02,341.03310778500054,1.0315,348.773415488,0.1375230769230769,0.14005384615384614,0.13340769230769228,0.13410769230769232,0.22729230769230765,0.21719230769230766,0.15733846153846154,0.15578461538461535,0.1368,0.1473153846153846,0.24319999999999997,0.24970769230769224,0.16071538461538462,0.1615076923076923,0.18683846153846156,0.1846692307692308,349.920138724
baseline,23.0,84.74359,26.344729,1.0,84.74,26.34,353.88028677700004,0.0,,0.13606153846153843,0.1387769230769231,0.13306923076923077,0.13354615384615381,0.2299692307692308,0.22014615384615382,0.1581923076923077,0.15683846153846157,0.1376153846153846,0.14486153846153849,0.24011538461538462,0.24699999999999994,0.15806923076923077,0.16026923076923072,0.18425384615384616,0.1825384615384615,354.0319601350002
contact,23.0,84.74359,26.344729,1.0,84.74,26.34,353.88028677700004,1.1957,361.3048139929997,0.13576153846153843,0.13837692307692312,0.1336384615384615,0.13203846153846152,0.2994846153846154,0.2915076923076923,0.14900000000000002,0.14817692307692307,0.11420769230769233,0.12242307692307695,0.25260000000000005,0.2610230769230769,0.15754615384615384,0.15963076923076921,0.18483076923076924,0.18213846153846153,362.4710335420005
baseline,24.0,86.384615,24.589744,3.0,86.38,24.59,364.0958576160001,0.0,,0.13546153846153844,0.13806153846153846,0.1328846153846154,0.13375384615384614,0.3032153846153846,0.2938230769230769,0.16893076923076922,0.1667769230769231,0.14493846153846157,0.1535384615384615,0.24866153846153846,0.2538,0.1580769230769231,0.1601076923076923,0.18417692307692307,0.1809538461538462,364.2020474760002
contact,24.0,86.384615,24.589744,3.0,86.38,24.59,364.0958576160001,3.088,374.88998039499984,0.13472307692307695,0.1373,0.13233076923076925,0.13179999999999997,0.30121538461538466,0.2927461538461538,0.16227692307692307,0.1622384615384615,0.12904615384615384,0.14050769230769236,0.2576461538461538,0.26169999999999993,0.15802307692307688,0.1600461538461538,0.18809999999999996,0.1829769230769231,376.10112992700033
baseline,25.0,63.410256,15.39886,1.0,63.41,15.4,379.4918063650002,0.0,,0.13630769230769232,0.13905384615384617,0.13367692307692305,0.1354230769230769,0.3043307692307693,0.2957153846153846,0.2094076923076923,0.20683076923076923,0.14502307692307695,0.15400769230769226,0.25406153846153845,0.260276923076923,0.16447692307692308,0.1647923076923077,0.18585384615384618,0.1814076923076923,379.56410412400055
contact,25.0,63.410256,15.39886,1.0,63.41,15.4,379.4918063650002,1.0893,386.93843776999984,0.1365692307692308,0.13927692307692308,0.13313846153846154,0.13369230769230767,0.2783692307692308,0.2681307692307693,0.22481538461538456,0.22323846153846152,0.14104615384615385,0.14716923076923077,0.2424615384615385,0.2501538461538461,0.1604923076923077,0.16201538461538462,0.18252307692307695,0.1798076923076923,388.0018574559999
baseline,26.0,111.0,29.0,4.0,111.0,29.0,393.1670371580003,0.0,,0.13526923076923075,0.13725384615384614,0.13311538461538464,0.13236923076923074,0.28060769230769234,0.2721307692307693,0.21823846153846158,0.21575384615384616,0.1381,0.1460923076923077,0.24284615384615388,0.25157692307692303,0.15721538461538462,0.1590230769230769,0.18373076923076928,0.18073076923076925,393.1951169640006
contact,26.0,111.0,29.0,4.0,111.0,29.0,393.1670371580003,4.5139,403.4821019709998,0.13213846153846154,0.1348,0.12970769230769227,0.1318461538461538,0.2817923076923077,0.2719923076923077,0.20360769230769227,0.20136923076923072,0.13916923076923077,0.1468,0.2820923076923077,0.28823076923076923,0.12992307692307692,0.13147692307692305,0.24506923076923076,0.22838461538461535,404.6624650670001
